name,lat,lon,street,postcode,city,country,url,profile_url,tags,fidelity,note
,50.6402809,4.6667145,,,,BE,,,,medium,sources:trox(1)
FabLab B3,50.64486781691182,5.590545797216793,place des arts 1 liege belgique,4020,-,BE,https://b3.provincedeliege.be/exploratoiredespossibles/fablab,https://www.fablabs.io/labs/fablabb3,3d-printing;cnc;laser;vinyl-cutting,high,sources:fabnetdata(1)
Cityfab 3,50.8342142,4.327495799999999,Rue des Veterinaires Veeartsen Straat 42,1070,Anderlecht,BE,http://microfactory.be/cityfab3/,https://www.fablabs.io/labs/cityfab3,3d-printing;cnc;laser;precision-milling;vinyl-cutting,high,sources:fabnetdata(1);aka:Microfactory Fab Lab
FabLab+,51.2189646,4.408352799999989,Lange Klarenstraat 17,2000,Antwerpen,BE,http://Http://www.fablabplus.be,https://www.fablabs.io/labs/FabLabAntwerpen,3d-printing;cnc;laser;precision-milling;vinyl-cutting,high,sources:fabnetdata+trox(2);aka:FabLab+ (Antwerpen)
GRNDBrekers (JC Bouckenborgh),51.245092,4.453129,Bredabaan 559,2170,Antwerpen,BE,https://bouckenborgh.be/grnd-brekers/,https://fabzero.decreatievestem.be/open-labs,3d-printing;electronics;embroidery;laser;vinyl-cutting,high,sources:fabzero(1)
KdG FabLab Hoboken,51.17359781583271,4.370654327855618,Salesianenlaan,2660,Antwerpen,BE,https://fablabkdg.be/,https://www.fablabs.io/labs/kdgfablab,3d-printing;cnc;electronics;laser;precision-milling;vinyl-cutting,high,sources:fabnetdata(1)
Eco FabLab,51.2261077,3.2257925,Binnenweg 4,8000,Brugge,BE,http://ecofablab.be,,,high,sources:trox(1)
Mind- and Makerspace,51.195128,3.216469,Spoorwegstraat 4,8200,Brugge,BE,https://mindandmakerspace.com,https://fabzero.decreatievestem.be/open-labs,3d-printing;cnc;electronics;embroidery;laser;media;textile;vinyl-cutting,high,sources:fabzero(1)
the It garage,50.842292,4.34721,Nieuwland 42-44,1000,Brussel,BE,http://www.the-it-garage.be,https://fabzero.decreatievestem.be/open-labs,3d-printing;electronics;laser,high,sources:fabzero(1)
FabLab ULB,50.8226474,4.3872472,"Avenue de la Couronne 227 Building G, 1st floor",1050,Brussels,BE,https://fablab.ulb.be/,https://www.fablabs.io/labs/fablabulb,3d-printing;cnc;electronics;laser;precision-milling;vinyl-cutting,high,sources:fabnetdata+trox(2);aka:FabLab XL Brussel | Fablab Brussels
fablab iMAL,50.8552067,4.342470899999999,30-34 Quai des Charbonnages Koolmijnenkaai,1080,Brussels,BE,http://www.imal.org/fablab,https://www.fablabs.io/labs/fablabimal,3d-printing;cnc;electronics;laser;precision-milling;vinyl-cutting,high,sources:fabnetdata+trox(2);aka:FabLab Imal Brussel
cityfab1,50.87093354775484,4.349889438622995,Rue Dieudonne Lefevre 37,1020,Bruxelles,BE,http://cityfab1.brussels/fr/,https://www.fablabs.io/labs/cityfab1,3d-printing;cnc;laser;vinyl-cutting,high,sources:fabnetdata(1)
DronesLab,50.41086098519998,4.451532260851991,"avenue General Michel 1E, Be 23 Batiment 1 - Hangar 15",6000,Charleroi,BE,http://www.droneslab.be,https://www.fablabs.io/labs/droneslab,3d-printing,high,sources:fabnetdata(1)
Makerspace PXL-UHasselt,50.927927,5.384478,Agoralaan Gebouw H,3590,Diepenbeek,BE,https://makerspace.pxluhasselt.be/,https://fabzero.decreatievestem.be/open-labs,3d-printing;cnc;electronics;embroidery;laser;textile;vacuum-forming;vinyl-cutting;waterjet,high,sources:fabzero(1)
Ingegno Maker Space,51.0503217,3.65724,Antoon Catriestraat 6,9031,Drongen,BE,https://decreatievestem.be/,https://www.fablabs.io/labs/IngegnoMakerSpace,3d-printing;cnc;electronics;embroidery;laser;precision-milling;textile;vinyl-cutting;waterjet,high,sources:fabnetdata+fabzero+trox(3);aka:Ingegno Maker Space - De Creatieve STEM
Fablab Erpe-Mere,50.9245724,3.978428500000063,Kloosterstraat 31,9420,Erpe-Mere,BE,http://www.fablaberpemere.be,https://www.fablabs.io/labs/fablaberpemere,3d-printing;cnc;laser;vinyl-cutting,high,sources:fabnetdata+trox(2);aka:FabLab
cityfab 2,50.87296389999999,4.4156246,Avenue Jules Bordet 13,1140,Evere,BE,https://www.cityfab2.brussels/,https://www.fablabs.io/labs/cityfab2,3d-printing;cnc;electronics;laser;precision-milling;vinyl-cutting,high,sources:fabnetdata(1)
FabLab Geel,51.1664954,4.9847772,"Vestiging Sint Jozef Geel, Technische Schoolstraat 52",2440,Geel,BE,http://www.fablabgeel.be,,,high,sources:trox(1)
FabLab Genk,50.9824954,5.480810099999985,Houtparklaan 1,3600,Genk,BE,http://www.fablabgenk.be,https://www.fablabs.io/labs/fablabgenk,3d-printing;cnc;electronics;laser;precision-milling;vinyl-cutting,high,sources:fabnetdata+trox(2)
FabLab Artevelde Hogeschool,51.0408827,3.7284211,Voetweg 66,9000,Gent,BE,https://www.arteveldehogeschool.be/fablab,,,high,sources:trox(1)
Nerdlab,51.06251,3.730327,Nieuwland 65,9000,Gent,BE,https://nerdlab.be/,https://fabzero.decreatievestem.be/open-labs,3d-printing;electronics;laser;textile;vinyl-cutting,high,sources:fabzero(1)
Astertechnics,50.7914476,3.8768032,Diebeke 21,9500,Geraardsbergen,BE,https://www.facebook.com/astertechnics/,https://www.fablabs.io/labs/astertechnics,3d-printing;cnc;laser;vinyl-cutting,high,sources:fabnetdata+trox(2);aka:ASTERTECHNICS | Crealab | Makersbuzz
Timelab,51.0534762,3.730968999999959,Kogelstraat 34,9000,Ghent,BE,http://www.timelab.org,https://www.fablabs.io/labs/timelab,3d-printing;cnc;laser;vinyl-cutting,high,sources:fabnetdata+trox(2);aka:Timelab Gent
OpenFab,50.8329032,4.3785979,"158, rue Gray",1050,Ixelles,BE,http://openfab.be,https://www.fablabs.io/labs/openfab,3d-printing;cnc;laser;vinyl-cutting,high,sources:fabnetdata+trox(2)
Fablab TaKeerbergen,51.0041607,4.634513200000001,Molenstraat 2,3140,Keerbergen,BE,http://www.takeerbergen.be,https://www.fablabs.io/labs/takeerbergen,3d-printing;cnc;laser;precision-milling,high,sources:fabnetdata(1)
BUDA::lab,50.83163889999999,3.264044188360571,Dam 2a,8500,Kortrijk,BE,http://www.budalab.be,https://www.fablabs.io/labs/budalab,3d-printing;cnc;laser;metal;vinyl-cutting;wood,high,sources:fabnetdata+fabzero+trox(3);aka:BUDA::lab Kortrijk | Buda:lab
SmartLAB,50.830011,3.264697,Broelkaai 1B,8500,Kortrijk,BE,https://www.quindo.be/community/open-medialab,https://fabzero.decreatievestem.be/open-labs,electronics;media;vinyl-cutting,high,sources:fabzero(1);aka:Smarlab
Techniekschuur,50.801462,4.15807,Jan Baptist Van der Lindenstraat 100,1750,Lennik,BE,https://techniekschuur.be/,https://fabzero.decreatievestem.be/open-labs,3d-printing;cnc;electronics;laser;welding,high,sources:fabzero(1)
Fablab-Leuven,50.861011,4.681655999999975,Celestijnenlaan 300 Katholieke Universiteit Leuven,3001,Leuven,BE,http://www.fablab-leuven.be,https://www.fablabs.io/labs/fablableuven,3d-printing;cnc;electronics;laser;precision-milling;vinyl-cutting,high,sources:fabnetdata+trox(2);aka:FabLab Leuven
HIGH TECH LAB,50.8868,4.705259,Stapelhuisstraat 13-15,3000,Leuven,BE,https://maakleerplekleuven.be/deelplekken/high-tech-lab/,https://fabzero.decreatievestem.be/open-labs,3d-printing;electronics;laser,high,sources:fabzero(1)
Relab - Fablab de Liege,50.643826,5.574176999999963,"Rue Lambert Lombard, 1 (place Saint-Etienne)",4000,Liege,BE,http://www.relab.be,https://www.fablabs.io/labs/relab,3d-printing;cnc;laser;precision-milling;vinyl-cutting,high,sources:fabnetdata+trox(2);aka:RElab Liege/Luik
Fablab Lier,51.1183462,4.5738888,Kannunik Davidlaan 15,2500,Lier,BE,https://fablablier.be/,,,high,sources:trox(1)
FabLab Thomas More,51.0250277,4.4876522,Zandpoortvest 16,2800,Mechelen,BE,http://fablab.thomasmore.be,,,high,sources:trox(1)
Level21 Crealab Mechelen,51.023974,4.475351,Hoogstraat 4,2800,Mechelen,BE,http://www.level21.be,https://www.fablabs.io/labs/level21crealabmechelen,3d-printing;laser;vinyl-cutting,high,sources:fabnetdata(1)
Fablab'ke,50.8578588,4.3382706,Rue Mommaerts 4,1080,Molenbeek-Saint-Jean,BE,https://fablabke.be,https://www.fablabs.io/labs/fablabke,3d-printing;cnc;laser;vinyl-cutting,high,sources:fabnetdata(1)
FabLab Mons,50.4460343,3.956023899999991,Rue du Joncquois 53,7000,Mons,BE,https://fablabmons.be,https://www.fablabs.io/labs/fablabmons,3d-printing;cnc;laser;precision-milling;vinyl-cutting,high,sources:fabnetdata+trox(2)
TRAKK,50.46375099999999,4.851157999999941,Avenue Reine Astrid 16,5000,Namur,BE,http://www.trakk.be,https://www.fablabs.io/labs/trakk,3d-printing;cnc;laser;precision-milling;vinyl-cutting,high,sources:fabnetdata+trox(2)
Fablab De Loft,51.1384358,2.7719065,Brugsevaart 48,8620,Nieuwpoort,BE,https://antopaso.be/,,,high,sources:trox(1)
MAKILAB,50.6643146,4.6233114,"Louvain-la-Neuve avenue Georges Lemaitre, 2",1348,Ottignies-Louvain-la-Neuve,BE,http://makilab.org,https://www.fablabs.io/labs/makilab,3d-printing;cnc;electronics;laser;precision-milling;vinyl-cutting,high,sources:fabnetdata+trox(2);aka:Makilab
FabLab Klein-Brabant,51.0755999,4.274544099999957,Forum 9 CC binder-Studio Lab,2870,Puurs,BE,http://www.fablabkleinbrabant.be,https://www.fablabs.io/labs/fablabkleinbrabant,3d-printing;cnc;electronics;laser;precision-milling;vinyl-cutting,high,sources:fabnetdata(1)
FABLAB 2300,51.3201505,4.9518686,Druivenstraat 2300,2300,Turnhout,BE,http://www.rockpaperpencil.be/fablab/,https://www.fablabs.io/labs/fablab2300,3d-printing;laser;vinyl-cutting,high,sources:fabnetdata+trox(2);aka:FabLab2300
V-lab,51.2009426,4.7726644,Lepelstraat 2,2290,Vorselaar,BE,https://www.thomasmore.be/v-lab,https://www.fablabs.io/labs/vlab,3d-printing;laser;vinyl-cutting,high,sources:fabnetdata+trox(2)
FabLab Zottegem,50.8652957,3.8069818,Wurmendries 44,9620,Zottegem,BE,http://fablab-zottegem.be,,,high,sources:trox(1)
Fablab Ugent,51.0040748,3.7093758,Tech Lane Ghent Science Park Campus A Technologiepark 915,9052,Zwijnaarde,BE,http://www.fablab.ugent.be/,https://www.fablabs.io/labs/fablabugent,3d-printing;cnc;laser,high,sources:fabnetdata+trox(2);aka:fablab Ugent
MakeIT.lab @ Fyxxi,51.01006,3.70937,,9052,Zwijnaarde,BE,,https://www.fablabs.io/labs/fyxxi,3d-printing;cnc;electronics;laser;precision-milling;vinyl-cutting,medium,sources:fabnetdata(1)
fab-c,50.4047853,4.438636199999999,"square des martyrs ,2",6000,charleroi,BE,https://www.fablab-charleroi.be/,https://www.fablabs.io/labs/fabc,3d-printing;cnc;electronics;laser;precision-milling;vinyl-cutting,high,sources:fabnetdata(1)
Extension L-XL of FabLab Luxemburg at the Creative Hub 1535,49.5221804,5.8992283,115 Rue Emile Mark,4620,Differdange,LU,http://www.1535.lu/,,,high,sources:trox(1)
FabLab Luxembourg,49.5024816,5.9492063,9 Avenue des Hauts-Fourneaux,4362,Esch-sur-Alzette,LU,https://www.artsetmetiers.lu/fablab/,,,high,sources:trox(1)
fablab noord-brabant,51.68903004419999,5.313091450154161,"Zuid-Willemsvaart 215, 's-Hertogenbosch, the Netherlands",5211 SG,'s-Hertogenbosch,NL,http://www.fablabnoordbrabant.nl,https://www.fablabs.io/labs/fablabnoordbrabant,3d-printing;cnc;precision-milling,high,sources:fabnetdata+trox(2);aka:FabLab NoordBrabant
Kaasfabriek - FabLab regio Alkmaar,52.63837437743461,4.750627176721196,Pettemerstraat 15,1823 CW,Alkmaar,NL,http://www.kaasfabriek.nl,https://www.fablabs.io/labs/kaasfabriek,3d-printing;cnc;laser;vinyl-cutting,high,sources:fabnetdata+trox(2);aka:Kaasfabriek Fablab Alkmaar
FabLab Amersfoort,52.15413123045801,5.397409511232389,Heiligenbergerweg 34,3816AK,Amersfoort,NL,http://www.fablabamersfoort.nl,https://www.fablabs.io/labs/fablabamersfoort,3d-printing;cnc;laser;precision-milling;vinyl-cutting,high,sources:fabnetdata+trox(2)
FabLab Truck,52.3669765,4.937145299999997,Zeeburgerpad 45,1019 AA,Amsterdam,NL,http://fablabtruck.nl,https://www.fablabs.io/labs/fablabtruck,3d-printing;cnc;electronics;laser;precision-milling;vinyl-cutting,high,sources:fabnetdata+trox(2);aka:ZB45 Makerspace | ZB45 Makerspace (closed) / FabLab Truck
Fablab Amsterdam,52.372773,4.900313,Nieuwmarkt 4,1012 CR,Amsterdam,NL,http://fablab.waag.org,https://www.fablabs.io/labs/waagsociety,3d-printing;cnc;electronics;laser;precision-milling;vinyl-cutting,high,sources:fabnetdata+trox(2);aka:FabLab Amsterdam
Makerversity,52.3739569,4.914505800000029,Kattenburgerstraat 5,1018ja,Amsterdam,NL,http://www.makerversity.org,https://www.fablabs.io/labs/makerversityamsterdam,3d-printing;cnc;electronics;laser;precision-milling;vinyl-cutting,high,sources:fabnetdata(1)
CODA FabLab Apeldoorn,52.2155005,5.958426099999997,Vosselmanstraat 299,7311 CL,Apeldoorn,NL,http://www.coda-apeldoorn.nl/educatie/fablab/,https://www.fablabs.io/labs/codafablabapeldoorn,3d-printing;laser;vinyl-cutting,high,sources:fabnetdata+trox(2);aka:CODA FabLab
FabLab Arnhem,51.9874738,5.951954499999999,Ruitenberglaan 26,6926,Arnhem,NL,http://www.fablabarnhem.nl,https://www.fablabs.io/labs/fablabarnhem,3d-printing;electronics;laser;precision-milling;vinyl-cutting,high,sources:fabnetdata+trox(2)
Jacklab,52.9946959,6.5585685,Weiersstraat 1C,9401ET,Assen,NL,http://www.bibliotheekassen.nl/welkomjack,,,high,sources:trox(1)
FabLab Bergen op Zoom,51.4951008,4.2888627,Dr.Ir. van Veen weg 10,4611PE,Bergen op Zoom,NL,http://www.fablabboz.nl,https://www.fablabs.io/labs/fablabbergenopzoom,3d-printing;cnc;electronics;laser;precision-milling;vinyl-cutting,high,sources:fabnetdata+trox(2)
Makerspace Breda,51.587763,4.7789237,Molenstraat 6,4811 GS,Breda,NL,http://www.makersbase.nl,,,high,sources:trox(1)
FabLab Coevorden,52.6619021,6.7535682,Van Heekerenlaan 2,7742 AB,Coevorden,NL,https://www.fablabcoevorden.nl/,,,high,sources:trox(1)
FabLab Delft (closed),52.0083011,4.3610062,Breestraat 24,2611RG,Delft,NL,http://plugnmake.com,,,high,sources:trox(1)
FabLab Mariahoeve,52.0918307,4.3611178,Zwedenburg 99,2591 BC,Den Haag,NL,http://fablabmariahoeve.nl,,,high,sources:trox(1)
Smartlab,52.2515855,6.159471800000006,Brink 70 (library) Dorrestraat 1 (techniekfabriek),,Deventer,NL,http://www.smartlabdeventer.nl,https://www.fablabs.io/labs/smartlabdeventer,3d-printing;laser;vinyl-cutting,high,sources:fabnetdata+trox(2);aka:SmartLab Deventer
FabLab Bibliotheek Drachten,53.1043266,6.0986397,Museumplein 1,9203DD,Drachten,NL,http://www.bibliotheekdrachten.nl,,,high,sources:trox(1);aka:Fablab Drachten
MakersLab,52.02209080000001,5.6612347,Bovenbuurtweg 7,6717XA,Ede,NL,http://www.makerslab.nl/,https://www.fablabs.io/labs/makerslab,3d-printing;cnc;electronics;laser;precision-milling;vinyl-cutting,high,sources:fabnetdata+trox(2);aka:MakersLab Ede
de Maakschappij,53.140105,6.5602463,Hobbemaweg 9,9761 HL,Eelde,NL,http://www.de-maakschappij.nl,,,high,sources:trox(1)
De Factorij,51.4481805,5.4575234,Klokgebouw 151/145 Strijp-S,5617 AB,Eindhoven,NL,http://www.de-factorij.nl,,,high,sources:trox(1)
FabLab Brainport,51.441642,5.46972249999999,,5616,Eindhoven,NL,http://www.brainportdevelopment.nl/project/fablab-brainport,https://www.fablabs.io/labs/fablabbrainport,,medium,sources:fabnetdata(1)
FabLab Brainport Eindhoven,51.4428819,5.4590815,Frederiklaan 60a,5616 NJ,Eindhoven,NL,http://www.fablabbrainport.nl,,,high,sources:trox(1)
Stadslab Eindhoven,51.43813429999999,5.4876593,Gasfabriek 6 Erfgoedhuis NRE,,Eindhoven,NL,http://stadslabeindhoven.nl,https://www.fablabs.io/labs/StadslabEHV,3d-printing;cnc;laser;vinyl-cutting,high,sources:fabnetdata(1)
KinderFabLab,52.2317674,6.8944572,Stroinksbleekweg 2,7523 ZL,Enschede,NL,http://www.kinderfablab.nl,,,high,sources:trox(1)
Mini FabLab MakerHousehold,52.22638416594697,6.922359588885456,Amelinkhorst 4,7531GN,Enschede,NL,,https://www.fablabs.io/labs/makerhousehold,3d-printing;cnc;laser,medium,sources:fabnetdata(1)
Saxion FabLab Enschede,52.22023470000001,6.8886027,Van Galenstraat 20,7511 JL,Enschede,NL,http://www.fablabenschede.nl,https://www.fablabs.io/labs/fablabenschede,3d-printing;cnc;electronics;laser;vinyl-cutting,high,sources:fabnetdata+trox(2);aka:FabLab Enschede
Tetem Lab,52.2339502,6.895397399999999,Stroinksbleekweg 16,7523 ZL,Enschede,NL,https://tetem.nl/lab-en-research/,https://www.fablabs.io/labs/tetem,3d-printing;cnc;laser;precision-milling;vinyl-cutting,high,sources:fabnetdata+trox(2);aka:Wowlab
FabLab Goes,51.507191,3.89166999999998,,4461 BG,Goes,NL,http://fablabgoes.nl/,https://www.fablabs.io/labs/fablabgoes,,medium,sources:fabnetdata(1)
Fablab Groningen,53.2075291,6.5569822,"Edu-Lab: Verzetsstrijderslaan 2, 9727 CE Groningen Textile-Lab: Energieweg 7, 9743 AN Groningen",,Groningen,NL,http://www.fablabgroningen.nl,https://www.fablabs.io/labs/fablabgroningen,3d-printing;cnc;electronics;laser;precision-milling;vinyl-cutting,high,sources:fabnetdata+trox(2)
Fablab Hardenberg,52.5759112,6.62415,Parkweg 1a5,7772 XP,Hardenberg,NL,https://www.fablabhardenberg.nl,,,high,sources:trox(1)
FabLab de Stookplaats i.o.,52.2241375,5.1719396,,,Hilversum,NL,http://www.destookplaats.nl,,,medium,sources:trox(1)
Fablab Bieb Hilversum,52.2273289,5.16713290000007,'s-Gravelandseweg 55,1217 EH,Hilversum,NL,http://www.bibliotheekhilversum.nl/fablab1.html,https://www.fablabs.io/labs/fablabbiebhilversum,3d-printing;laser,high,sources:fabnetdata+trox(2);aka:FabLab Bieb Hilversum
dFix,52.653272,5.0735802,,,Hoorn,NL,http://www.3dfix.nl,,,medium,sources:trox(1)
tinkerinQ FabLab Houten,52.03508129999999,5.1638547,Dijkhoeve 1,3992 XV,Houten,NL,http://www.tinkerinq.nl,https://www.fablabs.io/labs/tinkerinq,3d-printing;cnc;laser;vinyl-cutting,high,sources:fabnetdata+trox(2);aka:TinkerinQ FabLab Houten
D'lab Leeuwarden,53.1997459,5.800718499999999,Blokhuisplein 40,8911 LJ,Leeuwarden,NL,https://www.dlab.nl/,https://www.fablabs.io/labs/DlabLWD,3d-printing;cnc;electronics;laser;precision-milling;vinyl-cutting,high,sources:fabnetdata(1)
Frysklab,53.1934684,5.8454642,Zuiderkruisweg 4,8903 JM,Leeuwarden,NL,http://www.frysklab.nl,,,high,sources:trox(1)
FabLab Leiden,52.1628323,4.493556,Volmolengracht 13,2312 PG,Leiden,NL,http://www.makerspaceleiden.nl/drupal/node/12,,,high,sources:trox(1)
BiblioLab Lelystad,52.5079747,5.473004899999978,Lelystad Centrum De Promesse 4,8232 VX,Lelystad,NL,http://www.flevomeerbibliotheek.nl/footer/bibliolab.html,https://www.fablabs.io/labs/bibliolablelystad,3d-printing;cnc;electronics;laser;precision-milling;vinyl-cutting,high,sources:fabnetdata+trox(2);aka:FabLab Flevoland Dronten | Fablab Dronten
FabLab Flevoland 2.0,52.4959937,5.4791701,De Campus 9,8233GA,Lelystad,NL,,,,medium,sources:trox(1)
Fablab de Nijverheid,52.1523937,5.17038070000001,Havikskruid 18,3738 TV,Maartensdijk,NL,http://www.fablabdenijverheid.nl,https://www.fablabs.io/labs/fablabdenijverheid,3d-printing;laser;vinyl-cutting,high,sources:fabnetdata+trox(2);aka:FabLab de Nijverheid i.o.
Fab Lab Maastricht,50.8403436,5.669079399999987,"Gardelaan 7, 6213CV Maastricht",6213 CV,Maastricht,NL,http://www.fablabmaastricht.nl,https://www.fablabs.io/labs/fablabmaastricht,3d-printing;cnc;electronics;laser;precision-milling;vinyl-cutting,high,sources:fabnetdata+trox(2);aka:FabLab Maastricht
FabLab Zeeland,51.49628790000001,3.61570729999994,Kousteensedijk 7,4331JE,Middelburg,NL,http://www.fablabzeeland.com,https://www.fablabs.io/labs/fablabzeeland,3d-printing;laser;vinyl-cutting,high,sources:fabnetdata+trox(2)
FabLab Groene Hart,52.16152207057592,4.743958787835709,Achttienkavels 8,2421 LG,Nieuwkoop,NL,http://www.fablabgroenehart.nl,https://www.fablabs.io/labs/fablabgroenehart,3d-printing;laser,high,sources:fabnetdata+trox(2)
Fablab Oldenzaal,52.3059812,6.9375426,Parallelstraat 52,7575 AM,Oldenzaal,NL,https://www.fablaboldenzaal.nl/,https://www.fablabs.io/labs/fablaboldenzaal,3d-printing;cnc;electronics;laser;precision-milling;vinyl-cutting,high,sources:fabnetdata+trox(2)
JeugdFabLab,53.083842,4.874539,Koetebuurt 3a,1794BN,Oosterend Nh,NL,http://www.jeugdfablab.nl,https://www.fablabs.io/labs/jeugdfablab,3d-printing;laser;vinyl-cutting,high,sources:fabnetdata+trox(2);aka:Jeugdfablab
FabLab Health Hub Roden,53.1418304,6.436385299999983,1e Energieweg 13,9301 LK,Roden,NL,http://www.healthhub-roden.nl,https://www.fablabs.io/labs/healthhubroden,3d-printing;cnc;electronics;laser;precision-milling;vinyl-cutting,high,sources:fabnetdata+trox(2);aka:Healthhub-Roden
Fablab Midden Limburg,51.2633429,5.9088907,Vrijkenstraat 2,6088 PA,Roggel,NL,,,,medium,sources:trox(1)
SPARK Lab,51.7007348,5.3534097,Graafsebaan 3,5248 JR,Rosmalen,NL,http://www.sparkcampus.nl,,,high,sources:trox(1)
Bouwkeet,51.9116338,4.4385983,Schiedamseweg 240-248,3025 AP,Rotterdam,NL,http://www.bouwkeet.org,,,high,sources:trox(1)
HET LAB Rotterdam,51.9244201,4.477732500000002,Rotterdam Schiemond 20,3024 EE,Rotterdam,NL,http://www.hetlabrotterdam.nl,https://www.fablabs.io/labs/hetlabrotterdam,3d-printing;laser;vinyl-cutting,high,sources:fabnetdata+trox(2);aka:HET LAB
Stadslab Rotterdam,51.9179227,4.487549,"Wijnhaven 99, 3011 WN",3011 WN,Rotterdam,NL,http://www.stadslabrotterdam.nl,https://www.fablabs.io/labs/stadslabrotterdam,3d-printing;cnc;electronics;laser;vinyl-cutting,high,sources:fabnetdata+trox(2)
CabFabLab,52.0704978,4.30069990000004,,,The Hague,NL,http://cabfablab.nl,https://www.fablabs.io/labs/cabfablab,,medium,sources:fabnetdata(1)
Makerspace Haagse Hout,52.0939862,4.3619927,Het Kleine Loo 284,2592 CK Den Haag,The Hague,NL,http://spacehh.nl,https://www.fablabs.io/labs/makerspacehaagsehout,3d-printing;cnc;electronics;laser;vinyl-cutting,high,sources:fabnetdata(1)
Fablab013 XL,51.5540122,5.099099700000011,Galjoenstraat 37,5017 CL,Tilburg,NL,http://fablab013.nl,https://www.fablabs.io/labs/fablab013xl,3d-printing;cnc;electronics;laser;precision-milling;vinyl-cutting,high,sources:fabnetdata+trox(2);aka:FabLab013 | made for arcade
ICER-lab Ulft,51.8951779,6.3839113,Hutteweg 24,7071 BV,Ulft,NL,http://www.icer.nl,https://www.fablabs.io/labs/icerlab,3d-printing;laser;vinyl-cutting,high,sources:fabnetdata+trox(2);aka:ICER-Lab
MiniFabLab Utrecht,52.0919506,5.126576699999987,Nobeldwarsstraat 33,3512EW,Utrecht,NL,http://www.minifablab.nl,https://www.fablabs.io/labs/minifablabutrecht,3d-printing;laser;vinyl-cutting,high,sources:fabnetdata+trox(2);aka:miniFabLab Utrecht
Protospace (closed),52.0847899,5.169482,Padualaan 99 Ruimte 0.145,3584 CH,Utrecht,NL,http://www.protospace.nl,https://www.fablabs.io/labs/protospacefablabutrecht,,high,sources:fabnetdata+trox(2);aka:Protospace/FabLab Utrecht
Bibliotheek Veenendaal,52.0273134,5.559473,Kees Stipplein 74,3901 TP,Veenendaal,NL,https://www.bibliotheekveenendaal.nl/leren/FabLab.html,,,high,sources:trox(1)
FabLab Den Haag,52.0775929,4.3426111,Van Alphenstraat 63D,2274NC,Voorburg,NL,http://www.fablabdenhaag.nl,,,high,sources:trox(1)
FabLab Wageningen,51.9863475,5.668019,Bronland 10 WUR 'Plus Ultra II' begane grond,6708 WH,Wageningen,NL,http://www.fablabwag.nl,https://www.fablabs.io/labs/fablabwag,3d-printing;cnc;laser;vinyl-cutting,high,sources:fabnetdata+trox(2)
FluXus Verkadefabriek,52.4462466,4.8192626,Westzijde 168,1506 EK,Zaandam,NL,,,,medium,sources:trox(1)
FabLab Zoetermeer,52.0627301,4.493732,Duitslandlaan 440,2711 BN,Zoetermeer,NL,http://www.fablab-zoetermeer.nl,,,high,sources:trox(1)
FabLab Zwolle (closed),52.514709,6.0745485,Rieteweg 10,8041 AK,Zwolle,NL,http://www.fablabzwolle.nl,,,high,sources:trox(1)
MakersDen,52.2480329,6.1727055,St Olafstraat 3,7418 CG,deventer,NL,https://www.makersden.nl/,,,high,sources:trox(1)
